org.joda.time.field.ZeroIsMaxDateTimeField,111,0.1453504749
org.joda.time.field.ZeroIsMaxDateTimeField,138,0.1453504749
org.joda.time.field.ZeroIsMaxDateTimeField,178,0.1453504749
org.joda.time.Duration,164,0.1027783065
org.joda.time.Duration,167,0.1027783065
org.joda.time.DateTimeUtils,88,0.0970173268
org.joda.time.chrono.CopticChronology,138,0.0839181358
org.joda.time.chrono.CopticChronology,140,0.0839181358
org.joda.time.chrono.CopticChronology,141,0.0839181358
org.joda.time.chrono.CopticChronology,144,0.0839181358
org.joda.time.DateTimeZone,696,0.0839181358
org.joda.time.field.UnsupportedDateTimeField,56,0.0839181358
org.joda.time.field.UnsupportedDateTimeField,57,0.0839181358
org.joda.time.PeriodType,307,0.0839181358
org.joda.time.PeriodType,316,0.0839181358
org.joda.time.DateTimeZone,134,0.0760914983
org.joda.time.DateTimeZone,135,0.0760914983
org.joda.time.DateTimeZone,162,0.0760914983
org.joda.time.DateTimeFieldType,227,0.0759068099
org.joda.time.DateTimeUtils,114,0.0736542011
org.joda.time.DateTimeUtils,115,0.0736542011
org.joda.time.DateTimeUtils,116,0.0736542011
org.joda.time.DateTimeUtils,100,0.0736282711
org.joda.time.DateTimeUtils,101,0.0736282711
org.joda.time.DateTimeUtils,102,0.0736282711
org.joda.time.DateTimeUtils,161,0.0736282711
org.joda.time.DateTimeUtils,162,0.0736282711
org.joda.time.DateTimeUtils,165,0.0736282711
org.joda.time.chrono.GJChronology,225,0.0726752375
org.joda.time.chrono.GJChronology,490,0.0726752375
org.joda.time.Days,92,0.0726752375
org.joda.time.Months,102,0.0726752375
org.joda.time.DateTimeZone,175,0.0715433259
org.joda.time.DateTimeZone,176,0.0715433259
org.joda.time.DateTimeZone,179,0.0715433259
org.joda.time.DateTimeZone,182,0.0715433259
org.joda.time.DateTimeZone,183,0.0715433259
org.joda.time.DateTimeZone,184,0.0715433259
org.joda.time.DateTimeZone,185,0.0715433259
org.joda.time.chrono.GJChronology,231,0.0672841956
org.joda.time.chrono.GJChronology,232,0.0672841956
org.joda.time.chrono.GJChronology,233,0.0672841956
org.joda.time.chrono.GJChronology,478,0.0672841956
org.joda.time.chrono.GJChronology,480,0.0672841956
org.joda.time.chrono.GJChronology,481,0.0672841956
org.joda.time.chrono.GJChronology,482,0.0672841956
org.joda.time.chrono.GJChronology,483,0.0672841956
org.joda.time.chrono.GJChronology,485,0.0672841956
org.joda.time.chrono.GJChronology,486,0.0672841956
org.joda.time.chrono.GJChronology,487,0.0672841956
org.joda.time.chrono.GJChronology,489,0.0672841956
org.joda.time.DateTimeUtils,284,0.0659513491
org.joda.time.chrono.GJChronology,253,0.0650027085
org.joda.time.Hours,94,0.0650027085
org.joda.time.chrono.ZonedChronology,85,0.0640096369
org.joda.time.chrono.AssembledChronology,315,0.0640047934
org.joda.time.DateTimeZone,1057,0.0620906457
org.joda.time.DateTimeZone,1058,0.0620906457
org.joda.time.DateTimeUtils,287,0.0620692027
org.joda.time.chrono.GJChronology,224,0.0610594126
org.joda.time.field.OffsetDateTimeField,166,0.0602885685
org.joda.time.chrono.GregorianChronology,129,0.0593390829
org.joda.time.chrono.GregorianChronology,192,0.0593390829
org.joda.time.chrono.GregorianChronology,229,0.0593390829
org.joda.time.chrono.GregorianChronology,237,0.0593390829
org.joda.time.chrono.JulianChronology,143,0.0593390829
org.joda.time.chrono.JulianChronology,249,0.0593390829
org.joda.time.chrono.JulianChronology,257,0.0593390829
org.joda.time.chrono.JulianChronology,266,0.0593390829
org.joda.time.chrono.JulianChronology,268,0.0593390829
org.joda.time.chrono.JulianChronology,269,0.0593390829
org.joda.time.Partial,447,0.0593390829
org.joda.time.Partial,448,0.0593390829
org.joda.time.Partial,449,0.0593390829
org.joda.time.chrono.GJChronology,218,0.0577564221
org.joda.time.tz.FixedDateTimeZone,49,0.0567165135
org.joda.time.DateTimeZone,980,0.0566600703
org.joda.time.chrono.ISOChronology,100,0.0556409567
org.joda.time.chrono.ISOChronology,101,0.0556409567
org.joda.time.chrono.ISOChronology,96,0.0556409567
org.joda.time.chrono.ISOChronology,99,0.0556409567
org.joda.time.chrono.AssembledChronology,107,0.0556276816
org.joda.time.chrono.AssembledChronology,108,0.0556276816
org.joda.time.field.DividedDateTimeField,131,0.0549373157
org.joda.time.Partial,445,0.0549373157
org.joda.time.chrono.ISOChronology,102,0.0541464008
org.joda.time.DateTimeZone,976,0.0534261218
org.joda.time.DateTimeZone,977,0.0534261218
org.joda.time.DateTimeZone,978,0.0534261218
org.joda.time.DateTimeZone,979,0.0534261218
org.joda.time.chrono.GJChronology,206,0.0530744892
org.joda.time.chrono.GJChronology,207,0.0530744892
org.joda.time.chrono.GregorianChronology,118,0.0530744892
org.joda.time.chrono.GregorianChronology,119,0.0530744892
org.joda.time.chrono.GregorianChronology,131,0.0530744892
org.joda.time.chrono.GregorianChronology,132,0.0530744892
org.joda.time.DateTimeZone,949,0.0516688196
org.joda.time.DateTimeZone,950,0.0516688196
org.joda.time.DateTimeZone,952,0.0516688196
org.joda.time.DateTimeZone,955,0.0516688196
org.joda.time.chrono.GJChronology,250,0.0513891532
org.joda.time.chrono.GJChronology,255,0.0513891532
org.joda.time.chrono.GregorianChronology,128,0.0506045399
org.joda.time.chrono.GregorianChronology,135,0.0506045399
org.joda.time.chrono.GregorianChronology,191,0.0506045399
org.joda.time.chrono.GregorianChronology,194,0.0506045399
org.joda.time.chrono.GregorianChronology,100,0.0486942413
org.joda.time.DateTimeZone,1051,0.0486075009
org.joda.time.DateTimeZone,1054,0.0486075009
org.joda.time.chrono.BasicSingleEraDateTimeField,106,0.0484501583
org.joda.time.chrono.BasicSingleEraDateTimeField,111,0.0484501583
org.joda.time.MutableDateTime,1142,0.0484501583
org.joda.time.chrono.ISOChronology,86,0.0473532985
org.joda.time.field.ZeroIsMaxDateTimeField,148,0.045963856
org.joda.time.field.DelegatedDateTimeField,210,0.0452164264
org.joda.time.field.DelegatedDateTimeField,213,0.0452164264
org.joda.time.chrono.ISOChronology,133,0.0446255313
org.joda.time.field.PreciseDurationDateTimeField,93,0.044019549
org.joda.time.field.DelegatedDateTimeField,102,0.043335139
org.joda.time.field.DelegatedDateTimeField,225,0.043335139
org.joda.time.tz.CachedDateTimeZone,123,0.0423032019
org.joda.time.chrono.GJChronology,493,0.0419590679
org.joda.time.chrono.GJChronology,498,0.0419590679
org.joda.time.chrono.GJChronology,504,0.0419590679
org.joda.time.chrono.GJChronology,510,0.0419590679
org.joda.time.chrono.GJChronology,530,0.0419590679
org.joda.time.chrono.GJChronology,537,0.0419590679
org.joda.time.chrono.GJChronology,539,0.0419590679
org.joda.time.chrono.GJChronology,540,0.0419590679
org.joda.time.chrono.GJChronology,543,0.0419590679
org.joda.time.chrono.GJChronology,545,0.0419590679
org.joda.time.chrono.GJChronology,547,0.0419590679
org.joda.time.chrono.GJChronology,550,0.0419590679
org.joda.time.chrono.GJChronology,552,0.0419590679
org.joda.time.chrono.GJChronology,554,0.0419590679
org.joda.time.chrono.GJChronology,556,0.0419590679
org.joda.time.chrono.GJChronology,557,0.0419590679
org.joda.time.chrono.GJChronology,567,0.0419590679
org.joda.time.chrono.GJChronology,568,0.0419590679
org.joda.time.chrono.GJChronology,573,0.0419590679
org.joda.time.chrono.GJChronology,574,0.0419590679
org.joda.time.chrono.GJChronology,581,0.0419590679
org.joda.time.chrono.GJChronology,583,0.0419590679
org.joda.time.chrono.GJChronology,584,0.0419590679
org.joda.time.chrono.GJChronology,586,0.0419590679
org.joda.time.field.UnsupportedDateTimeField,68,0.0419590679
org.joda.time.DateTimeZone,1273,0.0418622764
org.joda.time.DateTimeZone,731,0.0415075352
org.joda.time.chrono.GregorianChronology,111,0.0412934151
org.joda.time.chrono.GregorianChronology,115,0.0412934151
org.joda.time.chrono.GregorianChronology,116,0.0412934151
org.joda.time.chrono.GregorianChronology,117,0.0412934151
org.joda.time.chrono.GregorianChronology,122,0.0412934151
org.joda.time.chrono.GregorianChronology,126,0.0412934151
org.joda.time.chrono.GregorianChronology,127,0.0412934151
org.joda.time.chrono.GregorianChronology,137,0.0412934151
org.joda.time.chrono.GregorianChronology,138,0.0412934151
org.joda.time.chrono.BasicMonthOfYearDateTimeField,335,0.0410089281
org.joda.time.chrono.BasicWeekyearDateTimeField,221,0.0410089281
org.joda.time.chrono.BasicYearDateTimeField,112,0.0410089281
org.joda.time.field.DividedDateTimeField,128,0.0410089281
org.joda.time.field.RemainderDateTimeField,180,0.0410089281
org.joda.time.field.ScaledDurationField,147,0.0410089281
org.joda.time.field.ScaledDurationField,148,0.0410089281
org.joda.time.field.ScaledDurationField,149,0.0410089281
org.joda.time.field.ScaledDurationField,150,0.0410089281
org.joda.time.field.ScaledDurationField,151,0.0410089281
org.joda.time.field.ZeroIsMaxDateTimeField,102,0.0410089281
org.joda.time.chrono.BuddhistChronology,86,0.0408399578
org.joda.time.chrono.GJChronology,195,0.0408289955
org.joda.time.chrono.GJChronology,196,0.0408289955
org.joda.time.chrono.GJChronology,197,0.0408289955
org.joda.time.Instant,144,0.0408289955
org.joda.time.chrono.GJChronology,209,0.0407307306
org.joda.time.chrono.GJChronology,210,0.0407307306
org.joda.time.chrono.GJChronology,211,0.0407307306
org.joda.time.chrono.GJChronology,409,0.0407307306
org.joda.time.chrono.GJChronology,203,0.0406331718
org.joda.time.chrono.GJChronology,204,0.0406331718
org.joda.time.chrono.GJChronology,205,0.0406331718
org.joda.time.chrono.GJChronology,190,0.0403446486
org.joda.time.chrono.GJChronology,192,0.0403446486
org.joda.time.field.UnsupportedDateTimeField,55,0.0403129685
org.joda.time.field.UnsupportedDateTimeField,64,0.0403129685
org.joda.time.chrono.GregorianChronology,45,0.0400621855
org.joda.time.chrono.ZonedChronology,55,0.0398370018
org.joda.time.chrono.ZonedChronology,58,0.0398370018
org.joda.time.chrono.ZonedChronology,59,0.0398370018
org.joda.time.chrono.ZonedChronology,62,0.0398370018
org.joda.time.chrono.ZonedChronology,65,0.0398370018
org.joda.time.field.MillisDurationField,155,0.0398370018
org.joda.time.chrono.LimitChronology,67,0.0395593886
org.joda.time.chrono.LimitChronology,71,0.0395593886
org.joda.time.chrono.LimitChronology,72,0.0395593886
org.joda.time.chrono.LimitChronology,74,0.0395593886
org.joda.time.chrono.LimitChronology,81,0.0395593886
org.joda.time.DateTime,527,0.0395593886
org.joda.time.field.UnsupportedDurationField,49,0.0391617967
org.joda.time.field.UnsupportedDurationField,53,0.0391617967
org.joda.time.field.UnsupportedDurationField,55,0.0391617967
org.joda.time.field.UnsupportedDurationField,59,0.0391617967
org.joda.time.field.PreciseDurationDateTimeField,94,0.0390276522
org.joda.time.chrono.ZonedChronology,150,0.0390211406
org.joda.time.chrono.ZonedChronology,154,0.0390211406
org.joda.time.chrono.ZonedChronology,155,0.0390211406
org.joda.time.chrono.ZonedChronology,156,0.0390211406
org.joda.time.chrono.ZonedChronology,157,0.0390211406
org.joda.time.chrono.ZonedChronology,158,0.0390211406
org.joda.time.chrono.ZonedChronology,159,0.0390211406
org.joda.time.chrono.ZonedChronology,160,0.0390211406
org.joda.time.chrono.ZonedChronology,162,0.0390211406
org.joda.time.chrono.ZonedChronology,163,0.0390211406
org.joda.time.chrono.ZonedChronology,164,0.0390211406
org.joda.time.chrono.ZonedChronology,165,0.0390211406
org.joda.time.chrono.ZonedChronology,166,0.0390211406
org.joda.time.chrono.ZonedChronology,170,0.0390211406
org.joda.time.chrono.ZonedChronology,171,0.0390211406
org.joda.time.chrono.ZonedChronology,172,0.0390211406
org.joda.time.chrono.ZonedChronology,173,0.0390211406
org.joda.time.chrono.ZonedChronology,174,0.0390211406
org.joda.time.chrono.ZonedChronology,175,0.0390211406
org.joda.time.chrono.ZonedChronology,176,0.0390211406
org.joda.time.chrono.ZonedChronology,177,0.0390211406
org.joda.time.chrono.ZonedChronology,178,0.0390211406
org.joda.time.chrono.ZonedChronology,179,0.0390211406
org.joda.time.chrono.ZonedChronology,180,0.0390211406
org.joda.time.chrono.ZonedChronology,181,0.0390211406
org.joda.time.chrono.ZonedChronology,183,0.0390211406
org.joda.time.chrono.ZonedChronology,184,0.0390211406
org.joda.time.chrono.ZonedChronology,185,0.0390211406
org.joda.time.chrono.ZonedChronology,186,0.0390211406
org.joda.time.chrono.ZonedChronology,187,0.0390211406
org.joda.time.chrono.ZonedChronology,188,0.0390211406
org.joda.time.chrono.ZonedChronology,189,0.0390211406
org.joda.time.chrono.ZonedChronology,190,0.0390211406
org.joda.time.chrono.ZonedChronology,191,0.0390211406
org.joda.time.chrono.ZonedChronology,192,0.0390211406
org.joda.time.chrono.ZonedChronology,193,0.0390211406
org.joda.time.chrono.ZonedChronology,194,0.0390211406
org.joda.time.chrono.ZonedChronology,197,0.0390211406
org.joda.time.chrono.ZonedChronology,198,0.0390211406
org.joda.time.chrono.ZonedChronology,200,0.0390211406
org.joda.time.chrono.ZonedChronology,201,0.0390211406
org.joda.time.chrono.ZonedChronology,203,0.0390211406
org.joda.time.chrono.ZonedChronology,204,0.0390211406
org.joda.time.chrono.ZonedChronology,205,0.0390211406
org.joda.time.chrono.ZonedChronology,209,0.0390211406
org.joda.time.chrono.ZonedChronology,212,0.0390211406
org.joda.time.chrono.ZonedChronology,215,0.0390211406
org.joda.time.chrono.ZonedChronology,220,0.0390211406
org.joda.time.chrono.ZonedChronology,221,0.0390211406
org.joda.time.chrono.ZonedChronology,71,0.0390211406
org.joda.time.field.PreciseDurationField,142,0.0390211406
org.joda.time.field.PreciseDurationField,143,0.0390211406
org.joda.time.field.PreciseDurationField,144,0.0390211406
org.joda.time.field.PreciseDurationField,145,0.0390211406
org.joda.time.field.RemainderDateTimeField,189,0.0388465484
org.joda.time.field.RemainderDateTimeField,173,0.0385042814
org.joda.time.chrono.AssembledChronology,228,0.0383078899
org.joda.time.base.BaseDateTime,270,0.0382927802
org.joda.time.field.BaseDateTimeField,726,0.0382534365
org.joda.time.field.UnsupportedDurationField,218,0.0382534365
org.joda.time.chrono.JulianChronology,114,0.037953405
org.joda.time.chrono.CopticChronology,126,0.0375293313
org.joda.time.chrono.CopticChronology,127,0.0375293313
org.joda.time.chrono.CopticChronology,136,0.0375293313
org.joda.time.chrono.CopticChronology,145,0.0375293313
org.joda.time.chrono.CopticChronology,146,0.0375293313
org.joda.time.chrono.CopticChronology,149,0.0375293313
org.joda.time.field.UnsupportedDurationField,56,0.0375293313
org.joda.time.field.UnsupportedDurationField,57,0.0375293313
org.joda.time.tz.CachedDateTimeZone,103,0.0374672558
org.joda.time.tz.CachedDateTimeZone,140,0.0374529744
org.joda.time.tz.CachedDateTimeZone,141,0.0374529744
org.joda.time.tz.CachedDateTimeZone,142,0.0374529744
org.joda.time.tz.CachedDateTimeZone,143,0.0374529744
org.joda.time.tz.CachedDateTimeZone,144,0.0374529744
org.joda.time.tz.CachedDateTimeZone,148,0.0374529744
org.joda.time.chrono.AssembledChronology,200,0.0370044196
org.joda.time.tz.FixedDateTimeZone,57,0.036464452
org.joda.time.field.MillisDurationField,49,0.0364087992
org.joda.time.DateMidnight,361,0.0363376187
org.joda.time.chrono.BasicDayOfMonthDateTimeField,90,0.0357828133
org.joda.time.chrono.BasicGJChronology,129,0.0357828133
org.joda.time.DateTimeFieldType,309,0.0352526683
org.joda.time.field.RemainderDateTimeField,199,0.0352526683
org.joda.time.chrono.GJChronology,214,0.0349962818
org.joda.time.chrono.GJChronology,400,0.0349962818
org.joda.time.field.DelegatedDateTimeField,229,0.0349120548
org.joda.time.DateTimeFieldType,327,0.0348038028
org.joda.time.field.DividedDateTimeField,211,0.0344392763
org.joda.time.field.ScaledDurationField,109,0.0344392763
org.joda.time.DateMidnight,1151,0.0342594355
org.joda.time.field.UnsupportedDateTimeField,343,0.0342594355
org.joda.time.field.DecoratedDateTimeField,91,0.0334006664
org.joda.time.DateTimeZone,205,0.0326419151
org.joda.time.DateTimeZone,208,0.0326419151
org.joda.time.DateTimeZone,211,0.0326419151
org.joda.time.DateTimeZone,212,0.0326419151
org.joda.time.Partial,446,0.0325013543
org.joda.time.field.DecoratedDateTimeField,87,0.0324506896
org.joda.time.field.DelegatedDateTimeField,206,0.0323001055
org.joda.time.chrono.BasicChronology,185,0.0320945628
org.joda.time.DateTimeUtils,304,0.0320945628
org.joda.time.chrono.GJChronology,156,0.0319728417
org.joda.time.MonthDay,410,0.0319085746
org.joda.time.MonthDay,412,0.0319085746
org.joda.time.chrono.BasicWeekyearDateTimeField,183,0.031718074
org.joda.time.MonthDay,408,0.031718074
org.joda.time.Partial,443,0.031718074
org.joda.time.Partial,444,0.031718074
org.joda.time.Years,86,0.031718074
org.joda.time.chrono.BasicChronology,368,0.0317147231
org.joda.time.chrono.BasicChronology,746,0.0317147231
org.joda.time.chrono.BasicChronology,747,0.0317147231
org.joda.time.chrono.BasicChronology,751,0.0317147231
org.joda.time.tz.ZoneInfoProvider,135,0.0314386141
org.joda.time.tz.ZoneInfoProvider,139,0.0314386141
org.joda.time.tz.ZoneInfoProvider,140,0.0314386141
org.joda.time.chrono.AssembledChronology,308,0.0313978979
org.joda.time.DateTimeFieldType,318,0.0311466575
org.joda.time.Weeks,86,0.0309888254
org.joda.time.tz.ZoneInfoProvider,151,0.0303345973
org.joda.time.tz.ZoneInfoProvider,152,0.0303345973
org.joda.time.tz.ZoneInfoProvider,153,0.0303345973
org.joda.time.tz.ZoneInfoProvider,154,0.0303345973
org.joda.time.Months,90,0.0303076691
org.joda.time.Years,72,0.0303076691
org.joda.time.DateTimeUtils,301,0.0302540272
org.joda.time.tz.ZoneInfoProvider,149,0.0301740957
org.joda.time.chrono.BasicYearDateTimeField,128,0.0296695415
org.joda.time.chrono.BasicYearDateTimeField,129,0.0296695415
org.joda.time.chrono.BasicYearDateTimeField,130,0.0296695415
org.joda.time.chrono.BasicYearDateTimeField,132,0.0296695415
org.joda.time.chrono.BasicYearDateTimeField,134,0.0296695415
org.joda.time.chrono.JulianChronology,142,0.0296695415
org.joda.time.chrono.JulianChronology,149,0.0296695415
org.joda.time.chrono.JulianChronology,265,0.0296695415
org.joda.time.chrono.JulianChronology,271,0.0296695415
org.joda.time.DateTimeFieldType,345,0.0296695415
org.joda.time.Partial,439,0.0296695415
org.joda.time.Partial,440,0.0296695415
org.joda.time.Partial,441,0.0296695415
org.joda.time.Partial,442,0.0296695415
org.joda.time.chrono.GJChronology,299,0.0294152991
org.joda.time.DateTimeZone,213,0.0293347021
org.joda.time.field.DecoratedDateTimeField,71,0.0292520233
org.joda.time.chrono.BasicChronology,250,0.0292165448
org.joda.time.chrono.BasicChronology,251,0.0292165448
org.joda.time.chrono.BasicChronology,252,0.0292165448
org.joda.time.chrono.BasicChronology,253,0.0292165448
org.joda.time.chrono.BasicChronology,254,0.0292165448
org.joda.time.chrono.BasicChronology,255,0.0292165448
org.joda.time.chrono.BasicChronology,256,0.0292165448
org.joda.time.chrono.BasicChronology,258,0.0292165448
org.joda.time.chrono.BasicChronology,259,0.0292165448
org.joda.time.chrono.BasicChronology,260,0.0292165448
org.joda.time.chrono.BasicChronology,261,0.0292165448
org.joda.time.chrono.BasicChronology,262,0.0292165448
org.joda.time.chrono.BasicChronology,263,0.0292165448
org.joda.time.chrono.BasicChronology,264,0.0292165448
org.joda.time.chrono.BasicChronology,265,0.0292165448
org.joda.time.chrono.BasicChronology,266,0.0292165448
org.joda.time.chrono.BasicChronology,267,0.0292165448
org.joda.time.chrono.BasicChronology,268,0.0292165448
org.joda.time.chrono.BasicChronology,273,0.0292165448
org.joda.time.chrono.BasicChronology,274,0.0292165448
org.joda.time.chrono.BasicChronology,277,0.0292165448
org.joda.time.chrono.BasicChronology,279,0.0292165448
org.joda.time.chrono.BasicChronology,281,0.0292165448
org.joda.time.chrono.BasicChronology,283,0.0292165448
org.joda.time.chrono.BasicChronology,285,0.0292165448
org.joda.time.chrono.BasicChronology,288,0.0292165448
org.joda.time.chrono.BasicChronology,289,0.0292165448
org.joda.time.chrono.BasicChronology,290,0.0292165448
org.joda.time.chrono.BasicChronology,291,0.0292165448
org.joda.time.chrono.BasicChronology,292,0.0292165448
org.joda.time.chrono.BasicChronology,293,0.0292165448
org.joda.time.chrono.BasicChronology,294,0.0292165448
org.joda.time.chrono.BasicChronology,296,0.0292165448
org.joda.time.chrono.BasicChronology,298,0.0292165448
org.joda.time.chrono.BasicChronology,303,0.0292165448
org.joda.time.chrono.BasicChronology,304,0.0292165448
org.joda.time.chrono.BasicChronology,305,0.0292165448
org.joda.time.chrono.BasicChronology,306,0.0292165448
org.joda.time.chrono.GJYearOfEraDateTimeField,100,0.0292165448
org.joda.time.chrono.GregorianChronology,171,0.0291535101
org.joda.time.Partial,432,0.029070095
org.joda.time.Partial,433,0.029070095
org.joda.time.Partial,436,0.029070095
org.joda.time.Partial,437,0.029070095
org.joda.time.Partial,438,0.029070095
org.joda.time.Partial,456,0.029070095
org.joda.time.Partial,457,0.029070095
org.joda.time.Partial,458,0.029070095
org.joda.time.Partial,459,0.029070095
org.joda.time.Partial,460,0.029070095
org.joda.time.Partial,461,0.029070095
org.joda.time.Partial,464,0.029070095
org.joda.time.Partial,465,0.029070095
org.joda.time.Partial,466,0.029070095
org.joda.time.chrono.GJDayOfWeekDateTimeField,95,0.0287836831
org.joda.time.DateTimeFieldType,336,0.0286900774
org.joda.time.MonthDay,426,0.0285055734
org.joda.time.chrono.AssembledChronology,370,0.0283695078
org.joda.time.tz.ZoneInfoProvider,144,0.0282953606
org.joda.time.DurationFieldType,105,0.0280890231
org.joda.time.chrono.BuddhistChronology,114,0.0279727119
org.joda.time.chrono.BuddhistChronology,116,0.0279727119
org.joda.time.chrono.BuddhistChronology,117,0.0279727119
org.joda.time.chrono.BuddhistChronology,118,0.0279727119
org.joda.time.chrono.BuddhistChronology,217,0.0279727119
org.joda.time.chrono.BuddhistChronology,219,0.0279727119
org.joda.time.chrono.BuddhistChronology,222,0.0279727119
org.joda.time.chrono.BuddhistChronology,223,0.0279727119
org.joda.time.chrono.BuddhistChronology,227,0.0279727119
org.joda.time.chrono.BuddhistChronology,228,0.0279727119
org.joda.time.chrono.BuddhistChronology,232,0.0279727119
org.joda.time.chrono.BuddhistChronology,233,0.0279727119
org.joda.time.chrono.BuddhistChronology,236,0.0279727119
org.joda.time.chrono.BuddhistChronology,237,0.0279727119
org.joda.time.chrono.BuddhistChronology,239,0.0279727119
org.joda.time.chrono.BuddhistChronology,241,0.0279727119
org.joda.time.chrono.BuddhistChronology,243,0.0279727119
org.joda.time.chrono.BuddhistChronology,246,0.0279727119
org.joda.time.chrono.BuddhistChronology,248,0.0279727119
org.joda.time.chrono.BuddhistChronology,251,0.0279727119
org.joda.time.chrono.BuddhistChronology,253,0.0279727119
org.joda.time.chrono.GJChronology,219,0.0279727119
org.joda.time.field.DelegatedDateTimeField,211,0.0279727119
org.joda.time.field.SkipUndoDateTimeField,95,0.0279727119
org.joda.time.Partial,430,0.0279727119
org.joda.time.Partial,431,0.0279727119
org.joda.time.base.BaseDateTime,284,0.0278760874
org.joda.time.MonthDay,395,0.0278441011
org.joda.time.Partial,427,0.0274686578
org.joda.time.LocalDate,1462,0.0272412726
org.joda.time.field.UnsupportedDateTimeField,59,0.0272266385
org.joda.time.field.UnsupportedDateTimeField,60,0.0272266385
org.joda.time.chrono.GregorianChronology,221,0.0270226186
org.joda.time.chrono.GregorianChronology,225,0.0270226186
org.joda.time.tz.FixedDateTimeZone,102,0.0269909056
org.joda.time.chrono.BasicGJChronology,142,0.0269653471
org.joda.time.chrono.GJYearOfEraDateTimeField,48,0.0266859138
org.joda.time.chrono.GJChronology,296,0.0265372446
org.joda.time.Minutes,86,0.0265372446
org.joda.time.chrono.AssembledChronology,196,0.026398668
org.joda.time.Seconds,86,0.0256945766
org.joda.time.chrono.BaseChronology,213,0.0256445384
org.joda.time.chrono.BaseChronology,199,0.0256196287
org.joda.time.chrono.BaseChronology,200,0.0256196287
org.joda.time.chrono.BaseChronology,201,0.0256196287
org.joda.time.chrono.BaseChronology,202,0.0256196287
org.joda.time.chrono.BaseChronology,207,0.0256196287
org.joda.time.chrono.BaseChronology,192,0.0255947915
org.joda.time.chrono.BasicWeekOfWeekyearDateTimeField,59,0.0255617872
org.joda.time.PeriodType,305,0.0255617872
org.joda.time.PeriodType,306,0.0255617872
org.joda.time.PeriodType,318,0.0255617872
org.joda.time.chrono.BaseChronology,183,0.0255453329
org.joda.time.chrono.BaseChronology,184,0.0255453329
org.joda.time.chrono.BaseChronology,185,0.0255453329
org.joda.time.chrono.BaseChronology,186,0.0255453329
org.joda.time.chrono.BaseChronology,187,0.0255453329
org.joda.time.chrono.BasicMonthOfYearDateTimeField,340,0.0255034269
org.joda.time.chrono.BasicGJChronology,123,0.0254346405
org.joda.time.chrono.BasicMonthOfYearDateTimeField,345,0.0254166311
org.joda.time.chrono.BasicGJChronology,139,0.0253483999
org.joda.time.DateTime,1943,0.02530227
org.joda.time.field.BaseDateTimeField,818,0.0252544847
org.joda.time.chrono.BasicWeekyearDateTimeField,209,0.0251754407
org.joda.time.chrono.AssembledChronology,321,0.0251597208
org.joda.time.chrono.AssembledChronology,372,0.0251597208
org.joda.time.chrono.BasicChronology,614,0.0251370662
org.joda.time.field.BaseDateTimeField,804,0.0251361961
org.joda.time.chrono.BasicChronology,613,0.0251266308
org.joda.time.field.BaseDateTimeField,772,0.0251127372
org.joda.time.chrono.BasicChronology,612,0.025105799
org.joda.time.chrono.BasicChronology,690,0.025105799
org.joda.time.chrono.BasicChronology,611,0.0250954025
org.joda.time.field.FieldUtils,256,0.0250954025
org.joda.time.field.FieldUtils,251,0.0250850189
org.joda.time.chrono.AssembledChronology,319,0.0250195542
org.joda.time.chrono.AssembledChronology,320,0.0250195542
org.joda.time.chrono.AssembledChronology,323,0.0250195542
org.joda.time.chrono.AssembledChronology,327,0.0250195542
org.joda.time.chrono.AssembledChronology,328,0.0250195542
org.joda.time.chrono.AssembledChronology,329,0.0250195542
org.joda.time.chrono.AssembledChronology,330,0.0250195542
org.joda.time.chrono.AssembledChronology,331,0.0250195542
org.joda.time.chrono.AssembledChronology,332,0.0250195542
org.joda.time.chrono.AssembledChronology,333,0.0250195542
org.joda.time.chrono.AssembledChronology,334,0.0250195542
org.joda.time.chrono.AssembledChronology,335,0.0250195542
org.joda.time.chrono.AssembledChronology,336,0.0250195542
org.joda.time.chrono.AssembledChronology,337,0.0250195542
org.joda.time.chrono.AssembledChronology,338,0.0250195542
org.joda.time.chrono.AssembledChronology,343,0.0250195542
org.joda.time.chrono.AssembledChronology,344,0.0250195542
org.joda.time.chrono.AssembledChronology,345,0.0250195542
org.joda.time.chrono.AssembledChronology,346,0.0250195542
org.joda.time.chrono.AssembledChronology,347,0.0250195542
org.joda.time.chrono.AssembledChronology,348,0.0250195542
org.joda.time.chrono.AssembledChronology,349,0.0250195542
org.joda.time.chrono.AssembledChronology,350,0.0250195542
org.joda.time.chrono.AssembledChronology,351,0.0250195542
org.joda.time.chrono.AssembledChronology,352,0.0250195542
org.joda.time.chrono.AssembledChronology,353,0.0250195542
org.joda.time.chrono.AssembledChronology,354,0.0250195542
org.joda.time.chrono.AssembledChronology,355,0.0250195542
org.joda.time.chrono.AssembledChronology,356,0.0250195542
org.joda.time.chrono.AssembledChronology,357,0.0250195542
org.joda.time.chrono.AssembledChronology,358,0.0250195542
org.joda.time.chrono.AssembledChronology,359,0.0250195542
org.joda.time.chrono.AssembledChronology,360,0.0250195542
org.joda.time.chrono.AssembledChronology,361,0.0250195542
org.joda.time.chrono.AssembledChronology,362,0.0250195542
org.joda.time.chrono.AssembledChronology,363,0.0250195542
org.joda.time.chrono.AssembledChronology,364,0.0250195542
org.joda.time.chrono.AssembledChronology,365,0.0250195542
org.joda.time.chrono.AssembledChronology,369,0.0250195542
org.joda.time.chrono.AssembledChronology,385,0.0250195542
org.joda.time.chrono.AssembledChronology,386,0.0250195542
org.joda.time.chrono.BaseChronology,660,0.0250195542
org.joda.time.chrono.LimitChronology,209,0.0250195542
org.joda.time.chrono.LimitChronology,213,0.0250195542
org.joda.time.chrono.LimitChronology,214,0.0250195542
org.joda.time.chrono.LimitChronology,215,0.0250195542
org.joda.time.chrono.LimitChronology,216,0.0250195542
org.joda.time.chrono.LimitChronology,217,0.0250195542
org.joda.time.chrono.LimitChronology,218,0.0250195542
org.joda.time.chrono.LimitChronology,219,0.0250195542
org.joda.time.chrono.LimitChronology,221,0.0250195542
org.joda.time.chrono.LimitChronology,222,0.0250195542
org.joda.time.chrono.LimitChronology,223,0.0250195542
org.joda.time.chrono.LimitChronology,224,0.0250195542
org.joda.time.chrono.LimitChronology,225,0.0250195542
org.joda.time.chrono.LimitChronology,229,0.0250195542
org.joda.time.chrono.LimitChronology,230,0.0250195542
org.joda.time.chrono.LimitChronology,231,0.0250195542
org.joda.time.chrono.LimitChronology,232,0.0250195542
org.joda.time.chrono.LimitChronology,233,0.0250195542
org.joda.time.chrono.LimitChronology,234,0.0250195542
org.joda.time.chrono.LimitChronology,235,0.0250195542
org.joda.time.chrono.LimitChronology,236,0.0250195542
org.joda.time.chrono.LimitChronology,237,0.0250195542
org.joda.time.chrono.LimitChronology,238,0.0250195542
org.joda.time.chrono.LimitChronology,239,0.0250195542
org.joda.time.chrono.LimitChronology,240,0.0250195542
org.joda.time.chrono.LimitChronology,242,0.0250195542
org.joda.time.chrono.LimitChronology,243,0.0250195542
org.joda.time.chrono.LimitChronology,244,0.0250195542
org.joda.time.chrono.LimitChronology,245,0.0250195542
org.joda.time.chrono.LimitChronology,246,0.0250195542
org.joda.time.chrono.LimitChronology,247,0.0250195542
org.joda.time.chrono.LimitChronology,248,0.0250195542
org.joda.time.chrono.LimitChronology,249,0.0250195542
org.joda.time.chrono.LimitChronology,250,0.0250195542
org.joda.time.chrono.LimitChronology,251,0.0250195542
org.joda.time.chrono.LimitChronology,252,0.0250195542
org.joda.time.chrono.LimitChronology,253,0.0250195542
org.joda.time.chrono.LimitChronology,256,0.0250195542
org.joda.time.chrono.LimitChronology,257,0.0250195542
org.joda.time.chrono.LimitChronology,259,0.0250195542
org.joda.time.chrono.LimitChronology,260,0.0250195542
org.joda.time.chrono.LimitChronology,262,0.0250195542
org.joda.time.chrono.LimitChronology,263,0.0250195542
org.joda.time.chrono.LimitChronology,264,0.0250195542
org.joda.time.chrono.LimitChronology,268,0.0250195542
org.joda.time.chrono.LimitChronology,271,0.0250195542
org.joda.time.chrono.LimitChronology,274,0.0250195542
org.joda.time.chrono.LimitChronology,279,0.0250195542
org.joda.time.chrono.LimitChronology,280,0.0250195542
org.joda.time.field.BaseDateTimeField,758,0.0250195542
org.joda.time.chrono.BasicChronology,393,0.0250080111
org.joda.time.chrono.BasicChronology,394,0.0250080111
org.joda.time.chrono.BasicChronology,395,0.0250080111
org.joda.time.Weeks,72,0.0249274008
org.joda.time.DateTimeFieldType,273,0.024780454
org.joda.time.chrono.GregorianChronology,197,0.0245889208
org.joda.time.Minutes,72,0.0245687145
org.joda.time.Seconds,72,0.0245687145
org.joda.time.chrono.BasicWeekyearDateTimeField,225,0.0244814363
org.joda.time.chrono.BasicChronology,699,0.0244051937
org.joda.time.Instant,256,0.0243496305
org.joda.time.base.AbstractPartial,105,0.0242672464
org.joda.time.Hours,82,0.0242250792
org.joda.time.DateTimeFieldType,354,0.0237885555
org.joda.time.Days,80,0.0235789606
org.joda.time.chrono.BasicGJChronology,120,0.0235131654
org.joda.time.chrono.BasicDayOfMonthDateTimeField,83,0.0235017789
org.joda.time.chrono.BasicDayOfMonthDateTimeField,84,0.0235017789
org.joda.time.chrono.BasicDayOfMonthDateTimeField,85,0.0235017789
org.joda.time.DurationFieldType,205,0.0233308546
org.joda.time.field.DecoratedDurationField,101,0.0233308546
org.joda.time.chrono.CopticChronology,214,0.0232747032
org.joda.time.chrono.JulianChronology,50,0.0232747032
org.joda.time.chrono.AssembledChronology,252,0.0229999037
org.joda.time.chrono.AssembledChronology,260,0.0228173953
org.joda.time.DateTimeFieldType,200,0.022786937
org.joda.time.chrono.BasicDayOfMonthDateTimeField,80,0.0227694557
org.joda.time.chrono.BasicDayOfMonthDateTimeField,81,0.0227694557
org.joda.time.chrono.BasicDayOfMonthDateTimeField,82,0.0227694557
org.joda.time.DateTimeFieldType,218,0.0225797788
org.joda.time.base.AbstractInstant,260,0.022528866
org.joda.time.chrono.BasicDayOfYearDateTimeField,57,0.0221657396
org.joda.time.DurationFieldType,187,0.0219586666
org.joda.time.field.OffsetDateTimeField,175,0.0219124086
org.joda.time.field.UnsupportedDurationField,92,0.0218504214
org.joda.time.LocalDate,610,0.0218164893
org.joda.time.chrono.AssembledChronology,204,0.0217128518
org.joda.time.chrono.BasicChronology,144,0.0216675695
org.joda.time.chrono.GJChronology,174,0.0216675695
org.joda.time.chrono.GJYearOfEraDateTimeField,104,0.0216675695
org.joda.time.field.DelegatedDateTimeField,94,0.0216675695
org.joda.time.DateTimeUtils,285,0.0216611523
org.joda.time.field.OffsetDateTimeField,184,0.0214307584
org.joda.time.chrono.AssembledChronology,208,0.0212723831
org.joda.time.LocalDate,619,0.0212523612
org.joda.time.chrono.JulianChronology,226,0.020979534
org.joda.time.chrono.JulianChronology,228,0.020979534
org.joda.time.chrono.JulianChronology,229,0.020979534
org.joda.time.field.BaseDurationField,150,0.020979534
org.joda.time.chrono.BasicChronology,573,0.0208175274
org.joda.time.chrono.AssembledChronology,280,0.0206984557
org.joda.time.chrono.AssembledChronology,131,0.0203922133
org.joda.time.chrono.GJChronology,324,0.0203531375
org.joda.time.chrono.GJEraDateTimeField,128,0.0203531375
org.joda.time.chrono.GJEraDateTimeField,132,0.0203531375
org.joda.time.chrono.AssembledChronology,212,0.0203158265
org.joda.time.chrono.AssembledChronology,288,0.020241816
org.joda.time.chrono.BasicChronology,167,0.0202129144
org.joda.time.chrono.BasicChronology,172,0.0202129144
org.joda.time.chrono.BasicChronology,173,0.0202129144
org.joda.time.chrono.BasicChronology,174,0.0202129144
org.joda.time.chrono.BasicChronology,175,0.0202129144
org.joda.time.chrono.BasicChronology,177,0.0202129144
org.joda.time.chrono.AssembledChronology,188,0.0202051127
org.joda.time.field.MillisDurationField,62,0.0199890091
org.joda.time.chrono.GJChronology,310,0.0195399316
org.joda.time.field.BaseDurationField,55,0.0194776965
org.joda.time.base.BasePartial,249,0.0194040337
org.joda.time.chrono.GJChronology,320,0.0193657237
org.joda.time.chrono.GJChronology,323,0.0193657237
org.joda.time.chrono.GregorianChronology,45,0.0192944997
org.joda.time.chrono.AssembledChronology,276,0.0192838838
org.joda.time.chrono.CopticChronology,209,0.0192521407
org.joda.time.chrono.CopticChronology,211,0.0192521407
org.joda.time.chrono.CopticChronology,223,0.0192521407
org.joda.time.chrono.CopticChronology,228,0.0192521407
org.joda.time.chrono.AssembledChronology,244,0.0192205539
org.joda.time.chrono.AssembledChronology,216,0.0191891221
org.joda.time.chrono.BasicDayOfMonthDateTimeField,60,0.0191267183
org.joda.time.chrono.AssembledChronology,284,0.0190037156
org.joda.time.chrono.AssembledChronology,133,0.01892302
org.joda.time.DateTimeZone,1055,0.018830162
org.joda.time.chrono.AssembledChronology,160,0.0187646656
org.joda.time.chrono.BasicWeekyearDateTimeField,73,0.0187646656
org.joda.time.chrono.BasicWeekyearDateTimeField,76,0.0187646656
org.joda.time.chrono.CopticChronology,108,0.0187646656
org.joda.time.DateTimeFieldType,164,0.0186600649
org.joda.time.chrono.BaseChronology,223,0.0184968585
org.joda.time.chrono.BaseChronology,224,0.0184968585
org.joda.time.chrono.BaseChronology,225,0.0184968585
org.joda.time.chrono.BaseChronology,226,0.0184968585
org.joda.time.chrono.BaseChronology,228,0.0184968585
org.joda.time.chrono.AssembledChronology,272,0.0183947421
org.joda.time.chrono.AssembledChronology,184,0.0183851072
org.joda.time.chrono.BasicYearDateTimeField,116,0.0183826014
org.joda.time.field.SkipUndoDateTimeField,89,0.0183124386
org.joda.time.YearMonth,402,0.0178914067
org.joda.time.YearMonth,404,0.0178914067
org.joda.time.chrono.AssembledChronology,292,0.0178407944
org.joda.time.base.BasePeriod,457,0.0177795144
org.joda.time.base.BasePeriod,458,0.0177795144
org.joda.time.base.BasePeriod,459,0.0177795144
org.joda.time.base.BasePeriod,460,0.0177795144
org.joda.time.base.BasePeriod,461,0.0177795144
org.joda.time.base.BasePeriod,462,0.0177795144
org.joda.time.YearMonth,400,0.0177573868
org.joda.time.base.BasePeriod,455,0.0177463539
org.joda.time.base.BasePeriod,456,0.0177463539
org.joda.time.DateTimeFieldType,182,0.0176509262
org.joda.time.base.BasePeriod,453,0.0176479748
org.joda.time.base.BasePeriod,454,0.0176479748
org.joda.time.chrono.BuddhistChronology,106,0.0174981409
org.joda.time.chrono.BuddhistChronology,110,0.0174981409
org.joda.time.chrono.BuddhistChronology,111,0.0174981409
org.joda.time.chrono.BuddhistChronology,112,0.0174981409
org.joda.time.chrono.BuddhistChronology,120,0.0174981409
org.joda.time.chrono.BuddhistChronology,121,0.0174981409
org.joda.time.chrono.ISOChronology,77,0.0174168209
org.joda.time.DurationFieldType,132,0.0173222757
org.joda.time.base.AbstractPartial,175,0.0172499278
org.joda.time.field.UnsupportedDateTimeField,66,0.0171297177
org.joda.time.format.DateTimeFormatterBuilder,1091,0.0171297177
org.joda.time.chrono.AssembledChronology,180,0.0171151702
org.joda.time.chrono.AssembledChronology,268,0.0170771586
org.joda.time.DateTimeFieldType,363,0.01686818
org.joda.time.chrono.ZonedChronology,144,0.0167588177
org.joda.time.base.BasePeriod,397,0.0167187358
org.joda.time.base.BasePeriod,399,0.0167187358
org.joda.time.chrono.ZonedChronology,138,0.0166850441
org.joda.time.chrono.ZonedChronology,139,0.0166850441
org.joda.time.chrono.ZonedChronology,140,0.0166850441
org.joda.time.chrono.ZonedChronology,141,0.0166850441
org.joda.time.chrono.ZonedChronology,118,0.0166728429
org.joda.time.base.BasePeriod,390,0.0166363995
org.joda.time.base.BasePeriod,391,0.0166363995
org.joda.time.DurationFieldType,123,0.0165554505
org.joda.time.field.PreciseDurationDateTimeField,96,0.0165373992
org.joda.time.field.PreciseDurationDateTimeField,97,0.0165373992
org.joda.time.chrono.JulianChronology,140,0.016517366
org.joda.time.chrono.JulianChronology,141,0.016517366
org.joda.time.chrono.JulianChronology,151,0.016517366
org.joda.time.chrono.JulianChronology,152,0.016517366
org.joda.time.chrono.JulianChronology,125,0.0164182808
org.joda.time.chrono.JulianChronology,129,0.0164182808
org.joda.time.chrono.JulianChronology,130,0.0164182808
org.joda.time.chrono.JulianChronology,131,0.0164182808
org.joda.time.chrono.JulianChronology,136,0.0164182808
org.joda.time.field.DecoratedDurationField,69,0.0163596787
org.joda.time.chrono.BasicYearDateTimeField,120,0.0162337757
org.joda.time.field.UnsupportedDateTimeField,65,0.0161500528
org.joda.time.field.MillisDurationField,80,0.0160573954
org.joda.time.base.AbstractInstant,259,0.0159303139
org.joda.time.chrono.BasicChronology,530,0.015859037
org.joda.time.chrono.CopticChronology,249,0.015859037
org.joda.time.chrono.CopticChronology,252,0.015859037
org.joda.time.chrono.CopticChronology,253,0.015859037
org.joda.time.chrono.CopticChronology,255,0.015859037
org.joda.time.chrono.CopticChronology,256,0.015859037
org.joda.time.chrono.CopticChronology,257,0.015859037
org.joda.time.DateTimeZone,216,0.015859037
org.joda.time.DateTimeZone,217,0.015859037
org.joda.time.DateTimeZone,220,0.015859037
org.joda.time.DateTimeZone,221,0.015859037
org.joda.time.DurationFieldType,114,0.0158359693
org.joda.time.chrono.AssembledChronology,192,0.0158244731
org.joda.time.DurationFieldType,160,0.0156887545
org.joda.time.chrono.BasicFixedMonthChronology,148,0.0155832066
org.joda.time.chrono.BasicFixedMonthChronology,158,0.0155832066
org.joda.time.chrono.GJChronology,193,0.0155832066
org.joda.time.DateTimeZone,215,0.0155832066
org.joda.time.field.PreciseDateTimeField,80,0.0154615042
org.joda.time.chrono.CopticChronology,119,0.0154071195
org.joda.time.chrono.CopticChronology,123,0.0154071195
org.joda.time.chrono.CopticChronology,124,0.0154071195
org.joda.time.chrono.CopticChronology,125,0.0154071195
org.joda.time.chrono.CopticChronology,130,0.0154071195
org.joda.time.chrono.CopticChronology,134,0.0154071195
org.joda.time.chrono.CopticChronology,135,0.0154071195
org.joda.time.chrono.CopticChronology,151,0.0154071195
org.joda.time.chrono.CopticChronology,152,0.0154071195
org.joda.time.tz.CachedDateTimeZone,160,0.0153212853
org.joda.time.field.PreciseDurationDateTimeField,155,0.0152789027
org.joda.time.PeriodType,650,0.0152718731
org.joda.time.base.AbstractPeriod,137,0.0152508423
org.joda.time.PeriodType,648,0.01520904
org.joda.time.PeriodType,649,0.01520904
org.joda.time.chrono.AssembledChronology,240,0.0151641398
org.joda.time.YearMonth,387,0.0151538346
org.joda.time.chrono.GregorianChronology,45,0.015133287
org.joda.time.tz.CachedDateTimeZone,145,0.0148605928
org.joda.time.tz.CachedDateTimeZone,146,0.0148605928
org.joda.time.tz.CachedDateTimeZone,152,0.0148605928
org.joda.time.tz.CachedDateTimeZone,153,0.0148605928
org.joda.time.tz.CachedDateTimeZone,155,0.0148605928
org.joda.time.tz.CachedDateTimeZone,156,0.0148605928
org.joda.time.tz.CachedDateTimeZone,158,0.0148605928
org.joda.time.tz.CachedDateTimeZone,159,0.0148605928
org.joda.time.tz.CachedDateTimeZone,166,0.0148605928
org.joda.time.field.BaseDurationField,66,0.0148442407
org.joda.time.chrono.CopticChronology,248,0.0148347707
org.joda.time.chrono.CopticChronology,259,0.0148347707
org.joda.time.field.BaseDateTimeField,886,0.0148347707
org.joda.time.field.BaseDateTimeField,887,0.0148347707
org.joda.time.field.BaseDateTimeField,888,0.0148347707
org.joda.time.field.BaseDateTimeField,890,0.0148347707
org.joda.time.field.PreciseDateTimeField,81,0.0147286443
org.joda.time.DateTimeUtils,321,0.0145654238
org.joda.time.field.PreciseDurationField,63,0.0145365309
org.joda.time.chrono.BasicChronology,153,0.0144173064
org.joda.time.chrono.BasicChronology,157,0.0144173064
org.joda.time.chrono.BasicChronology,159,0.0144173064
org.joda.time.chrono.AssembledChronology,172,0.0143981951
org.joda.time.DateTimeZone,628,0.0143918416
org.joda.time.DateTimeZone,643,0.0143918416
org.joda.time.DateTimeZone,695,0.0143918416
org.joda.time.DateTimeZone,700,0.0143918416
org.joda.time.field.SkipDateTimeField,82,0.0141847539
org.joda.time.field.BaseDateTimeField,69,0.0141594916
org.joda.time.chrono.BuddhistChronology,152,0.0140515608
org.joda.time.DateTimeFieldType,173,0.0139246058
org.joda.time.tz.ZoneInfoProvider,141,0.0136133193
org.joda.time.chrono.GregorianChronology,45,0.0135732853
org.joda.time.base.BasePeriod,308,0.0135490935
org.joda.time.DateTimeUtils,318,0.0135051583
org.joda.time.chrono.GJChronology,589,0.0134376562
org.joda.time.chrono.AssembledChronology,220,0.013214794
org.joda.time.chrono.BasicYearDateTimeField,55,0.013141115
org.joda.time.PeriodType,102,0.0130748436
org.joda.time.PeriodType,103,0.0130748436
org.joda.time.PeriodType,116,0.0130748436
org.joda.time.chrono.AssembledChronology,164,0.013029074
org.joda.time.chrono.GregorianChronology,233,0.012901325
org.joda.time.chrono.GregorianChronology,241,0.012901325
org.joda.time.DurationFieldType,151,0.0128863848
org.joda.time.base.BaseDateTime,304,0.0128047506
org.joda.time.base.AbstractPeriod,56,0.0126591294
org.joda.time.chrono.BasicChronology,419,0.0126568894
org.joda.time.chrono.BasicChronology,407,0.0126525729
org.joda.time.chrono.BasicChronology,408,0.0126525729
org.joda.time.chrono.BasicChronology,409,0.0126525729
org.joda.time.chrono.BasicChronology,412,0.0126525729
org.joda.time.chrono.BasicChronology,414,0.0126525729
org.joda.time.chrono.BasicChronology,415,0.0126525729
org.joda.time.chrono.BasicChronology,417,0.0126525729
org.joda.time.chrono.BasicChronology,436,0.0126525729
org.joda.time.chrono.AssembledChronology,148,0.0126351915
org.joda.time.chrono.AssembledChronology,248,0.0125097771
org.joda.time.chrono.BaseChronology,164,0.0125097771
org.joda.time.chrono.BaseChronology,165,0.0125097771
org.joda.time.chrono.BaseChronology,166,0.0125097771
org.joda.time.chrono.AssembledChronology,120,0.0124637004
org.joda.time.chrono.AssembledChronology,146,0.0124637004
org.joda.time.chrono.AssembledChronology,151,0.0124637004
org.joda.time.chrono.BaseChronology,163,0.0124637004
org.joda.time.chrono.AssembledChronology,232,0.0124237982
org.joda.time.chrono.BasicChronology,143,0.0124227564
org.joda.time.chrono.AssembledChronology,118,0.0123730541
org.joda.time.chrono.BasicWeekyearDateTimeField,229,0.0123730541
org.joda.time.base.BasePeriod,318,0.0123469859
org.joda.time.Partial,344,0.0121975409
org.joda.time.PeriodType,617,0.012190389
org.joda.time.chrono.BasicDayOfMonthDateTimeField,56,0.0121442064
org.joda.time.field.DividedDateTimeField,129,0.0118678166
org.joda.time.chrono.AssembledChronology,236,0.0118235611
org.joda.time.TimeOfDay,464,0.0117894803
org.joda.time.YearMonthDay,351,0.0117894803
org.joda.time.Partial,333,0.0117508894
org.joda.time.Partial,321,0.0116002308
org.joda.time.Partial,309,0.0115634629
org.joda.time.chrono.BasicWeekyearDateTimeField,182,0.0115270425
org.joda.time.chrono.ISOChronology,104,0.0114999518
org.joda.time.chrono.ISOChronology,105,0.0114999518
org.joda.time.chrono.ISOChronology,106,0.0114999518
org.joda.time.chrono.ISOChronology,110,0.0114999518
org.joda.time.chrono.ISOChronology,111,0.0114999518
org.joda.time.chrono.ISOChronology,112,0.0114999518
org.joda.time.chrono.BasicChronology,748,0.0114198118
org.joda.time.chrono.BasicChronology,749,0.0114198118
org.joda.time.YearMonthDay,318,0.0113847278
org.joda.time.DurationFieldType,178,0.0113069565
org.joda.time.chrono.JulianChronology,219,0.0110189911
org.joda.time.chrono.JulianChronology,221,0.0110189911
org.joda.time.chrono.JulianChronology,233,0.0110189911
org.joda.time.chrono.JulianChronology,237,0.0110189911
org.joda.time.field.PreciseDurationDateTimeField,151,0.0109324512
org.joda.time.field.PreciseDateTimeField,132,0.0109150981
org.joda.time.chrono.AssembledChronology,156,0.0107556421
org.joda.time.chrono.AssembledChronology,168,0.0106737659
org.joda.time.chrono.BasicChronology,548,0.0106576139
org.joda.time.chrono.GregorianChronology,213,0.0105726913
org.joda.time.chrono.BasicChronology,545,0.010489767
org.joda.time.chrono.BasicChronology,547,0.010489767
org.joda.time.base.AbstractPartial,170,0.0101765688
org.joda.time.base.AbstractPartial,171,0.0101765688
org.joda.time.chrono.BasicChronology,504,0.0101765688
org.joda.time.Instant,268,0.0100843042
org.joda.time.TimeOfDay,429,0.0100301357
org.joda.time.chrono.JulianChronology,79,0.0098898472
org.joda.time.chrono.JulianChronology,83,0.0098898472
org.joda.time.chrono.BasicDayOfMonthDateTimeField,52,0.0098293582
org.joda.time.chrono.BasicYearDateTimeField,96,0.0097188711
org.joda.time.chrono.BasicMonthOfYearDateTimeField,316,0.0096757079
org.joda.time.chrono.GJChronology,84,0.0096739219
org.joda.time.field.PreciseDateTimeField,123,0.0095427262
org.joda.time.field.BaseDateTimeField,58,0.0095056669
org.joda.time.chrono.JulianChronology,253,0.0091562193
org.joda.time.chrono.JulianChronology,261,0.0091562193
org.joda.time.format.DateTimeFormatterBuilder,1169,0.0090491253
org.joda.time.format.DateTimeFormatterBuilder,1179,0.0090491253
org.joda.time.chrono.LimitChronology,288,0.0090316391
org.joda.time.chrono.LimitChronology,291,0.0090316391
org.joda.time.chrono.LimitChronology,285,0.0089969685
org.joda.time.chrono.AssembledChronology,176,0.0089141041
org.joda.time.chrono.BasicWeekyearDateTimeField,129,0.0088953046
org.joda.time.chrono.BasicWeekyearDateTimeField,134,0.0088953046
org.joda.time.chrono.BasicWeekyearDateTimeField,135,0.0088953046
org.joda.time.chrono.BasicWeekyearDateTimeField,141,0.0088953046
org.joda.time.chrono.BasicWeekyearDateTimeField,145,0.0088953046
org.joda.time.chrono.BasicWeekyearDateTimeField,146,0.0088953046
org.joda.time.chrono.BasicWeekyearDateTimeField,147,0.0088953046
org.joda.time.chrono.BasicWeekyearDateTimeField,155,0.0088953046
org.joda.time.chrono.BasicWeekyearDateTimeField,156,0.0088953046
org.joda.time.chrono.BasicWeekyearDateTimeField,163,0.0088953046
org.joda.time.chrono.BasicWeekyearDateTimeField,169,0.0088953046
org.joda.time.chrono.BasicWeekyearDateTimeField,174,0.0088953046
org.joda.time.chrono.BasicWeekyearDateTimeField,180,0.0088953046
org.joda.time.chrono.BasicWeekyearDateTimeField,190,0.0088953046
org.joda.time.chrono.BasicWeekyearDateTimeField,192,0.0088953046
org.joda.time.chrono.BasicWeekyearDateTimeField,201,0.0088953046
org.joda.time.chrono.BasicWeekyearDateTimeField,205,0.0088953046
org.joda.time.chrono.AssembledChronology,224,0.0088359359
org.joda.time.field.ImpreciseDateTimeField,138,0.0087862894
org.joda.time.chrono.JulianChronology,211,0.0087729425
org.joda.time.chrono.JulianChronology,241,0.0087609821
org.joda.time.chrono.JulianChronology,245,0.0087609821
org.joda.time.chrono.BasicWeekyearDateTimeField,235,0.0087490705
org.joda.time.chrono.BasicWeekyearDateTimeField,236,0.0087490705
org.joda.time.chrono.BasicWeekyearDateTimeField,237,0.0087490705
org.joda.time.chrono.BasicWeekyearDateTimeField,240,0.0087490705
org.joda.time.DateTimeFieldType,300,0.0085315972
org.joda.time.chrono.AssembledChronology,264,0.0084527879
org.joda.time.base.AbstractInstant,262,0.00843409
org.joda.time.base.AbstractInstant,265,0.00843409
org.joda.time.base.AbstractInstant,266,0.00843409
org.joda.time.chrono.BasicChronology,443,0.0084289831
org.joda.time.format.DateTimeFormatterBuilder,1142,0.0083501666
org.joda.time.format.DateTimeFormatterBuilder,1143,0.0083501666
org.joda.time.format.DateTimeFormatterBuilder,1145,0.0083501666
org.joda.time.format.DateTimeFormatterBuilder,1146,0.0083501666
org.joda.time.format.DateTimeFormatterBuilder,1147,0.0083501666
org.joda.time.DateTimeZone,386,0.0083091336
org.joda.time.DateTimeZone,387,0.0083091336
org.joda.time.DateTimeZone,388,0.0083091336
org.joda.time.field.PreciseDurationDateTimeField,142,0.0082654903
org.joda.time.DateTimeFieldType,291,0.0082387585
org.joda.time.chrono.BasicChronology,562,0.0081126724
org.joda.time.DateTimeZone,377,0.0081126724
org.joda.time.DateTimeZone,380,0.0081126724
org.joda.time.DateTimeZone,384,0.0081126724
org.joda.time.DateTimeZone,385,0.0081126724
org.joda.time.chrono.BasicMonthOfYearDateTimeField,73,0.0081111564
org.joda.time.field.FieldUtils,238,0.0080605272
org.joda.time.field.FieldUtils,233,0.0080512474
org.joda.time.chrono.BasicWeekOfWeekyearDateTimeField,66,0.0078943542
org.joda.time.DateTimeFieldType,282,0.0078943542
org.joda.time.chrono.AssembledChronology,256,0.0078424739
org.joda.time.DateTimeZone,658,0.0077916033
org.joda.time.field.PreciseDateTimeField,113,0.0077675345
org.joda.time.field.PreciseDateTimeField,112,0.0077635446
org.joda.time.DateTimeZone,656,0.007597591
org.joda.time.DateTimeZone,657,0.007597591
org.joda.time.DateTimeZone,664,0.007597591
org.joda.time.DateTimeZone,665,0.007597591
org.joda.time.DateTimeZone,666,0.007597591
org.joda.time.DateTimeZone,668,0.007597591
org.joda.time.DateTimeZone,669,0.007597591
org.joda.time.DateTimeZone,670,0.007597591
org.joda.time.DateTimeZone,671,0.007597591
org.joda.time.DateTimeZone,672,0.007597591
org.joda.time.DateTimeZone,673,0.007597591
org.joda.time.chrono.BasicChronology,335,0.0075058663
org.joda.time.chrono.BasicChronology,336,0.0075058663
org.joda.time.chrono.BasicChronology,337,0.0075058663
org.joda.time.field.SkipDateTimeField,80,0.0073249754
org.joda.time.field.SkipDateTimeField,81,0.0073249754
org.joda.time.field.SkipDateTimeField,84,0.0073249754
org.joda.time.field.BaseDurationField,155,0.0072225232
org.joda.time.field.BaseDurationField,38,0.0071349742
org.joda.time.field.BaseDurationField,146,0.0071178434
org.joda.time.field.BaseDurationField,147,0.0071178434
org.joda.time.field.BaseDurationField,149,0.0071178434
org.joda.time.field.BaseDurationField,152,0.0071178434
org.joda.time.field.DelegatedDateTimeField,110,0.0071114511
org.joda.time.chrono.GregorianChronology,211,0.0070422535
org.joda.time.chrono.GregorianChronology,212,0.0070422535
org.joda.time.field.SkipDateTimeField,100,0.006993178
org.joda.time.chrono.BasicChronology,410,0.0069451143
org.joda.time.field.PreciseDurationField,54,0.00690971
org.joda.time.chrono.BasicChronology,456,0.0068246429
org.joda.time.chrono.BasicChronology,457,0.0068246429
org.joda.time.chrono.BasicChronology,458,0.0068246429
org.joda.time.field.PreciseDurationDateTimeField,164,0.0067404669
org.joda.time.chrono.BasicDayOfMonthDateTimeField,48,0.0067196896
org.joda.time.chrono.BasicChronology,476,0.0066711037
org.joda.time.chrono.BasicChronology,477,0.0066711037
org.joda.time.chrono.BasicChronology,478,0.0066711037
org.joda.time.chrono.BasicGJChronology,88,0.006624382
org.joda.time.chrono.BasicGJChronology,93,0.006624382
org.joda.time.chrono.GregorianChronology,202,0.006533018
org.joda.time.chrono.GregorianChronology,203,0.006533018
org.joda.time.chrono.GregorianChronology,217,0.006533018
org.joda.time.DateTimeFieldType,264,0.0064986464
org.joda.time.chrono.BasicWeekyearDateTimeField,61,0.0062204261
org.joda.time.chrono.CopticChronology,51,0.0060880614
org.joda.time.chrono.BasicChronology,501,0.0059789196
org.joda.time.chrono.BasicChronology,502,0.0059789196
org.joda.time.chrono.BasicChronology,503,0.0059789196
org.joda.time.chrono.GJDayOfWeekDateTimeField,113,0.0058898985
org.joda.time.chrono.GJDayOfWeekDateTimeField,104,0.0058468536
org.joda.time.chrono.BaseChronology,134,0.0056967343
org.joda.time.chrono.BaseChronology,135,0.0056967343
org.joda.time.chrono.BaseChronology,136,0.0056967343
org.joda.time.chrono.BaseChronology,137,0.0056967343
org.joda.time.chrono.BaseChronology,138,0.0056967343
org.joda.time.format.FormatUtils,352,0.0056967343
org.joda.time.format.FormatUtils,353,0.0056967343
org.joda.time.chrono.AssembledChronology,136,0.0056577596
org.joda.time.chrono.BaseChronology,132,0.0056577596
org.joda.time.chrono.BaseChronology,133,0.0056577596
org.joda.time.chrono.BasicChronology,146,0.0055876483
org.joda.time.field.SkipUndoDateTimeField,87,0.0053723081
org.joda.time.field.SkipUndoDateTimeField,88,0.0053723081
org.joda.time.field.SkipUndoDateTimeField,91,0.0053723081
org.joda.time.chrono.BasicChronology,516,0.0052654921
org.joda.time.chrono.BasicChronology,356,0.005126116
org.joda.time.field.OffsetDateTimeField,153,0.005126116
org.joda.time.field.OffsetDateTimeField,154,0.005126116
org.joda.time.field.DecoratedDateTimeField,83,0.00506968
org.joda.time.chrono.BasicChronology,524,0.0050330753
org.joda.time.chrono.BasicChronology,525,0.0050330753
org.joda.time.chrono.BasicChronology,528,0.0050330753
org.joda.time.chrono.BasicChronology,529,0.0050330753
org.joda.time.chrono.BasicChronology,532,0.0050330753
org.joda.time.chrono.BasicChronology,347,0.0049796252
org.joda.time.chrono.BasicChronology,348,0.0049796252
org.joda.time.chrono.BasicChronology,350,0.0049796252
org.joda.time.field.BaseDateTimeField,792,0.0049278426
org.joda.time.field.PreciseDurationDateTimeField,79,0.0049278426
org.joda.time.field.PreciseDurationDateTimeField,81,0.0049278426
org.joda.time.chrono.GJChronology,593,0.0049109374
org.joda.time.chrono.BasicFixedMonthChronology,143,0.0049025498
org.joda.time.chrono.BasicGJChronology,175,0.0048914329
org.joda.time.chrono.BasicGJChronology,176,0.0048914329
org.joda.time.chrono.BasicGJChronology,177,0.0048914329
org.joda.time.chrono.BasicGJChronology,179,0.0048914329
org.joda.time.chrono.BasicGJChronology,195,0.0048914329
org.joda.time.chrono.BasicGJChronology,196,0.0048914329
org.joda.time.chrono.BasicGJChronology,198,0.0048914329
org.joda.time.chrono.CopticChronology,233,0.0048859028
org.joda.time.chrono.BasicFixedMonthChronology,101,0.0048051385
org.joda.time.chrono.BasicFixedMonthChronology,117,0.0048051385
org.joda.time.chrono.GJChronology,75,0.004789461
org.joda.time.chrono.BasicChronology,559,0.0047091874
org.joda.time.chrono.BasicChronology,493,0.0046789973
org.joda.time.chrono.BasicChronology,494,0.0046789973
org.joda.time.chrono.JulianChronology,50,0.0046765749
org.joda.time.format.DateTimeParserBucket,195,0.0046336039
org.joda.time.format.DateTimeParserBucket,196,0.0046336039
org.joda.time.format.DateTimeParserBucket,197,0.0046336039
org.joda.time.format.DateTimeParserBucket,381,0.0046336039
org.joda.time.field.FieldUtils,338,0.0045713121
org.joda.time.field.DelegatedDateTimeField,186,0.0045578075
org.joda.time.field.FieldUtils,337,0.0045163645
org.joda.time.chrono.CopticChronology,238,0.0044920348
org.joda.time.chrono.JulianChronology,207,0.0044728517
org.joda.time.chrono.JulianChronology,78,0.0044728517
org.joda.time.chrono.JulianChronology,85,0.0044728517
org.joda.time.chrono.BasicGJChronology,188,0.0044414187
org.joda.time.format.DateTimeFormatter,758,0.0041647872
org.joda.time.field.DelegatedDateTimeField,245,0.0039691916
org.joda.time.DateTimeZone,982,0.0039341429
org.joda.time.base.BaseDateTime,295,0.0038795778
org.joda.time.DateTimeZone,1001,0.0037987955
org.joda.time.DateTimeZone,1003,0.0037987955
org.joda.time.DateTimeZone,1032,0.0037987955
org.joda.time.DateTimeZone,1034,0.0037987955
org.joda.time.DateTimeZone,1037,0.0037987955
org.joda.time.DateTimeZone,999,0.0037987955
org.joda.time.field.PreciseDateTimeField,83,0.0037833217
org.joda.time.format.DateTimeFormatter,757,0.0037680355
org.joda.time.chrono.GJDayOfWeekDateTimeField,57,0.0037463827
org.joda.time.chrono.BasicChronology,543,0.003688932
org.joda.time.chrono.BasicChronology,552,0.003688932
org.joda.time.chrono.BasicChronology,542,0.0036827105
org.joda.time.chrono.CopticChronology,184,0.00361461
org.joda.time.format.DateTimeFormatter,953,0.0035880804
org.joda.time.format.DateTimeFormatter,269,0.0035782813
org.joda.time.chrono.BasicGJChronology,180,0.0035328081
org.joda.time.format.DateTimeFormatter,751,0.003397746
org.joda.time.format.DateTimeFormatter,753,0.003397746
org.joda.time.format.DateTimeFormatter,754,0.003397746
org.joda.time.format.DateTimeFormatter,755,0.003397746
org.joda.time.format.DateTimeFormatter,756,0.003397746
org.joda.time.format.DateTimeFormatterBuilder,108,0.0033866603
org.joda.time.format.DateTimeFormatterBuilder,112,0.0033784169
org.joda.time.format.DateTimeFormatterBuilder,105,0.0033702334
org.joda.time.format.DateTimeFormatterBuilder,106,0.0033702334
org.joda.time.format.DateTimeFormatterBuilder,107,0.0033702334
org.joda.time.format.DateTimeFormatterBuilder,110,0.0033702334
org.joda.time.format.DateTimeFormatterBuilder,111,0.0033702334
org.joda.time.format.DateTimeFormatterBuilder,114,0.0033702334
org.joda.time.format.DateTimeFormatterBuilder,115,0.0033702334
org.joda.time.chrono.BasicGJChronology,134,0.0033560543
org.joda.time.chrono.BasicDayOfMonthDateTimeField,97,0.0033460352
org.joda.time.format.DateTimeFormatterBuilder,374,0.0033407282
org.joda.time.format.DateTimeFormatterBuilder,376,0.0033407282
org.joda.time.format.DateTimeFormatterBuilder,377,0.0033407282
org.joda.time.format.DateTimeFormatterBuilder,378,0.0033407282
org.joda.time.format.DateTimeFormatter,266,0.0033249576
org.joda.time.format.DateTimeFormatterBuilder,1165,0.0033223508
org.joda.time.format.DateTimeFormatterBuilder,1166,0.0033223508
org.joda.time.format.DateTimeFormatterBuilder,1175,0.0033223508
org.joda.time.format.DateTimeFormatterBuilder,1176,0.0033223508
org.joda.time.chrono.BasicChronology,466,0.0033126297
org.joda.time.chrono.BasicChronology,467,0.0033126297
org.joda.time.chrono.BasicMonthOfYearDateTimeField,301,0.0033126297
org.joda.time.chrono.BasicMonthOfYearDateTimeField,303,0.0033126297
org.joda.time.chrono.BasicMonthOfYearDateTimeField,304,0.0033126297
org.joda.time.chrono.BasicMonthOfYearDateTimeField,305,0.0033126297
org.joda.time.chrono.BasicMonthOfYearDateTimeField,310,0.0033126297
org.joda.time.chrono.BasicMonthOfYearDateTimeField,299,0.0033087651
org.joda.time.format.DateTimeFormatterBuilder,1138,0.0032991624
org.joda.time.format.DateTimeFormatterBuilder,1140,0.0032991624
org.joda.time.format.DateTimeFormatterBuilder,1141,0.0032991624
org.joda.time.format.DateTimeFormatterBuilder,1154,0.0032991624
org.joda.time.format.DateTimeFormatterBuilder,1158,0.0032991624
org.joda.time.format.DateTimeFormatterBuilder,1161,0.0032991624
org.joda.time.chrono.BasicYearDateTimeField,83,0.0032578821
org.joda.time.chrono.BasicYearDateTimeField,85,0.0032578821
org.joda.time.chrono.BasicChronology,560,0.0031583007
org.joda.time.chrono.BasicChronology,425,0.0031560663
org.joda.time.chrono.BasicChronology,432,0.0031560663
org.joda.time.chrono.BasicChronology,422,0.003136168
org.joda.time.chrono.BasicChronology,428,0.003136168
org.joda.time.chrono.BasicChronology,430,0.003136168
org.joda.time.format.DateTimeParserBucket,369,0.0029145973
org.joda.time.format.DateTimeParserBucket,394,0.0028050739
org.joda.time.format.DateTimeParserBucket,345,0.0027957184
org.joda.time.format.DateTimeParserBucket,346,0.0027957184
org.joda.time.format.DateTimeParserBucket,347,0.0027957184
org.joda.time.format.DateTimeParserBucket,351,0.0027957184
org.joda.time.format.DateTimeParserBucket,352,0.0027957184
org.joda.time.format.DateTimeParserBucket,363,0.0027957184
org.joda.time.format.DateTimeParserBucket,365,0.0027957184
org.joda.time.format.DateTimeParserBucket,368,0.0027957184
org.joda.time.format.DateTimeParserBucket,378,0.0027957184
org.joda.time.format.DateTimeParserBucket,380,0.0027957184
org.joda.time.format.DateTimeParserBucket,416,0.0027957184
org.joda.time.format.DateTimeParserBucket,419,0.0027957184
org.joda.time.format.DateTimeParserBucket,427,0.0027957184
org.joda.time.format.DateTimeFormatter,936,0.0026224417
org.joda.time.format.DateTimeFormatter,937,0.0026224417
org.joda.time.format.DateTimeFormatter,940,0.0026224417
org.joda.time.format.FormatUtils,64,0.0022380159
org.joda.time.format.FormatUtils,63,0.0022356321
org.joda.time.format.FormatUtils,66,0.0022356321
org.joda.time.format.FormatUtils,50,0.0020480025
org.joda.time.format.FormatUtils,62,0.0020480025
org.joda.time.format.FormatUtils,92,0.0020480025
org.joda.time.field.BaseDateTimeField,253,0.0019385233
org.joda.time.chrono.BasicYearDateTimeField,62,0.0019262281
org.joda.time.chrono.BasicYearDateTimeField,63,0.0019262281
org.joda.time.chrono.BasicYearDateTimeField,64,0.0019262281
org.joda.time.chrono.BasicYearDateTimeField,59,0.0019057544
org.joda.time.chrono.BasicMonthOfYearDateTimeField,115,0.0018907004
org.joda.time.chrono.BasicMonthOfYearDateTimeField,116,0.0018907004
org.joda.time.chrono.BasicMonthOfYearDateTimeField,104,0.0018821214
org.joda.time.chrono.BasicMonthOfYearDateTimeField,105,0.0018821214
org.joda.time.chrono.BasicMonthOfYearDateTimeField,113,0.0018821214
org.joda.time.chrono.BasicMonthOfYearDateTimeField,114,0.0018821214
org.joda.time.chrono.BasicMonthOfYearDateTimeField,137,0.0018821214
org.joda.time.chrono.BasicMonthOfYearDateTimeField,138,0.0018821214
org.joda.time.chrono.BasicMonthOfYearDateTimeField,139,0.0018821214
org.joda.time.chrono.BasicMonthOfYearDateTimeField,145,0.0018821214
org.joda.time.chrono.BasicMonthOfYearDateTimeField,147,0.0018821214
org.joda.time.chrono.BasicMonthOfYearDateTimeField,99,0.0018821214
org.joda.time.chrono.BasicMonthOfYearDateTimeField,93,0.0018764666
org.joda.time.field.FieldUtils,64,0.0018422424
org.joda.time.field.FieldUtils,66,0.0018422424
org.joda.time.field.FieldUtils,70,0.0018422424
org.joda.time.format.DateTimeFormatter,951,0.0018281994
org.joda.time.format.DateTimeFormatter,952,0.0018281994
org.joda.time.format.DateTimeFormatter,955,0.0018281994
org.joda.time.format.DateTimeFormatter,958,0.0018281994
org.joda.time.field.MillisDurationField,117,0.0018153216
org.joda.time.field.PreciseDurationField,104,0.001697135
org.joda.time.field.PreciseDurationField,105,0.001697135
org.joda.time.field.FieldUtils,82,0.0015572471
org.joda.time.field.FieldUtils,84,0.0015572471
org.joda.time.field.FieldUtils,88,0.0015572471
